iteration,psnr_noisy,psnr_gt,psnr_gt_sm
0,11.467933554091623,12.04403124582212,12.04403124582212
1,8.659041350836322,8.949384254223467,12.100015947291134
2,10.240180723137497,10.665721434734044,12.170510183357461
3,11.108934142095583,11.631552378065857,12.236283892722259
4,12.750526198447433,13.543754940518635,12.318461483449884
5,14.011653104920537,15.113232173906436,12.41369812679282
6,14.49960743778947,15.749748316693816,12.52030345535716
7,14.85123603688355,16.228078922144825,12.639605356575617
8,14.976457666155964,16.403695307626734,12.771259019731938
9,15.154417471570191,16.656284158546,12.915535039602474
10,15.383674458797241,16.98765578514786,13.070509539895808
11,15.555224432263179,17.23984584390438,13.233158745004229
12,15.645866440594759,17.37239803085909,13.40071452520064
13,15.710493263323917,17.467336615047614,13.571860091780026
14,15.795880840902367,17.597301971626372,13.747052738113215
15,15.87337427717248,17.71967713264179,13.926361331668387
16,15.919428544328406,17.79436318499746,14.10874870406726
17,15.985515331288019,17.89856403795391,14.292981928315045
18,16.05858597974677,18.0129352227127,14.477193834854369
19,16.099928038586842,18.077716161492965,14.658418498271622
20,16.136249900439,18.135152494026777,14.835115418168884
21,16.169622099946203,18.188843178172522,15.007562172702178
22,16.19398991602056,18.228457004209282,15.176592641197473
23,16.23351598848773,18.292308056289844,15.342876694696535
24,16.27502962805526,18.3594150732139,15.50570527504271
25,16.313533342548403,18.422682339194708,15.663137769509332
26,16.356078196103844,18.493321942815456,15.814393635841155
27,16.39496953213574,18.5583788201134,15.960577069260289
28,16.431607960282175,18.62010422932523,16.103373242018733
29,16.46248448363541,18.672167312581728,16.242798388522814
30,16.500619198245378,18.73644251217166,16.377896956206996
31,16.529017534470313,18.784388374866875,16.50783677233512
32,16.561342068960784,18.83917143889079,16.633327440667532
33,16.59443068095355,18.89581489799412,16.754985080821207
34,16.62255585030052,18.94453758759768,16.871945309990586
35,16.652734943454227,18.997342304199737,16.984006960848397
36,16.686773224972313,19.05728206373311,17.092666646483615
37,16.723817057076317,19.12291950580455,17.19897422621955
38,16.760479771542837,19.188831972185913,17.302181013017798
39,16.793817772059853,19.249571079309526,17.401856952051237
40,16.83626646131807,19.32617839898491,17.49877759514175
41,16.87876335639408,19.40272788304826,17.593040012021184
42,16.928172306741935,19.49238336955836,17.684515927878813
43,16.98263106553069,19.592548484626946,17.774073682143182
44,17.043948735851213,19.706468532344797,17.863293861973258
45,17.11321318613899,19.836778775735986,17.953746314087336
46,17.18312439709756,19.970907486392157,18.046660749169526
47,17.250319694542963,20.101038337625315,18.14221778230769
48,17.31455716414219,20.22742953027462,18.23913199618225
49,17.380459629953524,20.357609783010272,18.336295325896266
50,17.44468509860654,20.483575121651434,18.432396449287964
51,17.504271532666994,20.60368862166186,18.526161792762572
52,17.560594005546978,20.718417067544515,18.619912722167278
53,17.612860480459073,20.830815752243858,18.713072840440812
54,17.66605239678715,20.942655812953316,18.806707564732235
55,17.71085790308193,21.043819114023012,18.899930320029544
56,17.71804475224566,21.055121235451836,18.992426047436215
57,17.628406087376774,20.87198445824049,19.081715449499093
58,17.575543240925345,20.74812552104161,19.16512839970337
59,17.81298432829071,21.27057278177692,19.252576607027404
60,17.86532559932241,21.37986688288462,19.33777866114785
61,17.89094782525888,21.431105238222475,19.419023434793132
62,17.961048379112338,21.59877834987535,19.502408980321988
63,18.03122117342524,21.76771019450547,19.593088515417932
64,18.059186117082902,21.833967182430698,19.682937529356582
65,18.10603390096227,21.950419528385424,19.76812403242834
66,18.125505712249996,21.997629288222843,19.8510618344735
67,18.194413338227687,22.165305099022127,19.934510275658297
68,18.19779021738774,22.174633259126495,20.016195225353126
69,18.258547171489838,22.326505724021803,20.095964491493636
70,18.252763807572016,22.30734270002191,20.173894711082344
71,18.31577642346603,22.471288877378566,20.252317668708667
72,18.342222367443423,22.5417562676178,20.332697156992406
73,18.377349365357254,22.636687936045984,20.412770282402928
74,18.394025258140147,22.683598197341244,20.489446662926284
75,18.420964692364056,22.750491399485536,20.564427407554323
76,18.45493351352214,22.84271443334504,20.6397222430574
77,18.476399245685165,22.905175633262775,20.71461432181715
78,18.499540249640482,22.963777638973113,20.78821852019852
79,18.515954688074856,23.00682520193015,20.858780511910545
80,18.543788914603066,23.085040654951502,20.929329125806184
81,18.571782591778895,23.165720343871183,21.000839966157642
82,18.589882241612454,23.220004814541277,21.071002300184492
83,18.6074567468949,23.265316632560076,21.140332837918518
84,18.62728455658283,23.323990652557228,21.207554154496933
85,18.649761068404015,23.387400799784345,21.274626295516267
86,18.669568424321316,23.447500072580535,21.3400898452621
87,18.690180971431058,23.508409416348375,21.405459760345007
88,18.709995717086468,23.570377902912284,21.4701567609836
89,18.72692446952368,23.617329628062965,21.534191240410138
90,18.74083578899321,23.659991050362063,21.596955046606624
91,18.758628337673827,23.713195200959532,21.65981317128442
92,18.765518355924506,23.7351536465643,21.720525227668595
93,18.7513225071233,23.679305590661485,21.78118790307507
94,18.638247602210534,23.35250758822977,21.83538056961282
95,18.39118029827873,22.63157330932231,21.892506281040866
96,18.05336165165907,21.813511345206827,21.932946426038562
97,18.676345100755448,23.447521277979433,21.97920481928444
98,18.225503269043703,22.191543725098313,22.023644659948893
99,18.690472832395304,23.496478363713074,22.069075081897715
100,18.476133010929487,22.892432636243004,22.110819668987396
101,18.681166138873767,23.471649512876226,22.15398342316819
102,18.61886656581181,23.263718353926514,22.199119276730165
103,18.669061917672312,23.41318845674889,22.245945779492004
104,18.751671650348,23.685759852734577,22.291005716372908
105,18.700797646025936,23.537653485982307,22.33264455983346
106,18.781081215311033,23.77485588393064,22.374529757015154
107,18.783350726791127,23.760900293852064,22.417659960731964
108,18.78455379125214,23.7594017121949,22.461643057574044
109,18.859411832069426,24.01181153850731,22.505887992660835
110,18.84289464186303,23.967799267353698,22.54935938179755
111,18.882492676041892,24.093671407068634,22.59313562197587
112,18.90842986886233,24.16606210246462,22.637064587221477
113,18.89488739058499,24.114290429875943,22.680955687616606
114,18.9451798323109,24.29223907671521,22.72494371791206
115,18.96091410037861,24.35563542121344,22.76829616110835
116,18.961551097940028,24.35756916157907,22.810931673420797
117,18.994411463183805,24.463560048376056,22.853709210090972
118,18.99034766473388,24.439255368625798,22.896910447027985
119,19.011490362241204,24.514022970678294,22.940388815633007
120,19.038136444650505,24.618633344362717,22.98321585501213
121,19.036028212135967,24.614199667581886,23.024745465083562
122,19.056675271309672,24.679107230064027,23.0660260397981
123,19.061587075577933,24.68298513970904,23.107830417442223
124,19.072991063996835,24.72352415209801,23.149472035179226
125,19.093896401684926,24.81058017923404,23.190093054430825
126,19.09637291843324,24.823385818723605,23.230039663419536
127,19.11689675140832,24.891209843153526,23.27055111040594
128,19.120321778946668,24.891716350197555,23.311558749043762
129,19.132500842234062,24.936082094115246,23.351913409058298
130,19.146164896364496,24.993708939256557,23.391286636614353
131,19.154045539528543,25.023211183227644,23.430333073699437
132,19.166774677438788,25.064825773089755,23.46951591112905
133,19.17059371617827,25.074316916443813,23.508605228051742
134,19.186749730162635,25.139535482340413,23.547384130190427
135,19.19581604989532,25.17884689715258,23.585867855063043
136,19.20842709701373,25.226062725810586,23.624369855245074
137,19.214919280471868,25.244817183779166,23.6629304661025
138,19.224535607213785,25.279769397804404,23.7009831553342
139,19.233463081735685,25.316857952252448,23.73825886140117
140,19.245072199087318,25.363413816465386,23.775569568600552
141,19.252944668003696,25.390857182242073,23.81321403725021
142,19.263137129040622,25.429362714943945,23.850525395466807
143,19.270206105614356,25.458268856992518,23.88717528024378
144,19.280614680118234,25.499391013832195,23.92373921382581
145,19.287576012837835,25.52488192763323,23.960320476262847
146,19.297169339802206,25.563271568583254,23.996585172384645
147,19.304350070705233,25.592650981145127,24.032378681304767
148,19.31337956250505,25.627603770393765,24.0682107732669
149,19.32110829680377,25.657608910152426,24.10405183144611
150,19.328232764160553,25.688655660278,24.139156489532336
151,19.336230229250777,25.71813384925404,24.17411072183858
152,19.343589893237557,25.745018720324534,24.209094069402855
153,19.351138145709214,25.779075744287955,24.243550345222047
154,19.35879630805922,25.811000546581372,24.27782491071538
155,19.365858482696453,25.837400198866625,24.31203749012106
156,19.37360400620079,25.86706981742227,24.346210615561866
157,19.38016239919371,25.897593025191195,24.379744278971963
158,19.38764907451972,25.92665520828472,24.413367749712865
159,19.392941816868074,25.94751609972906,24.44647720547843
160,19.39982251608184,25.97158475069946,24.479824468350557
161,19.401576567611027,25.985556452149645,24.512124864248626
162,19.40296074515545,25.977296604871594,24.545814439949922
163,19.360948480548423,25.807170829502184,24.575783216452173
164,19.38572233452099,25.89028212540159,24.60845443457313
165,19.37958363896534,25.879035518904715,24.63869819494013
166,19.400687605396612,25.966557558953983,24.66992286272028
167,19.423774633599944,26.066676445265017,24.700707048373545
168,19.44460528543559,26.15937158837204,24.731523845500057
169,19.44375207887916,26.15600271765084,24.762300903447137
170,19.4380673387571,26.126325421850794,24.79258738563669
171,19.43732449397157,26.112656670974893,24.823206934416156
172,19.437852755689374,26.125207804162393,24.852153573303593
173,19.460333679365963,26.216020671720536,24.88272866698587
174,19.468363723167364,26.265592865746008,24.91185099956757
175,19.4826022013619,26.317479853218426,24.941804532324326
176,19.484670045262643,26.32872066742585,24.971561597083806
177,19.47368585074506,26.28626487712009,24.9997748646166
178,19.481004723986672,26.29520846113992,25.029511499654873
179,19.47857808857457,26.30221733593668,25.05718756260311
180,19.507964255806915,26.43095571520931,25.08620497979667
181,19.516239220089446,26.467389946939083,25.115224249718985
182,19.507390644008503,26.43317790340943,25.14275972825682
183,19.516271560883855,26.453996217543807,25.171661467943718
184,19.51996021684772,26.491548388769935,25.199002726133912
185,19.530724890200094,26.528427339260293,25.22690106719114
186,19.532584395736055,26.52899551392421,25.254851887186472
187,19.52892094583886,26.531842554296734,25.281630430968335
188,19.530500485327295,26.50686689198194,25.309850238830194
189,19.526224508857638,26.51349838221378,25.33552106120448
190,19.534374712961167,26.523318134826365,25.36294845141214
191,19.531829237586777,26.534725673074902,25.388790011866504
192,19.52702452632314,26.492240519921445,25.415095497876237
193,19.515212738577894,26.435287247112562,25.440953136021022
194,19.492349180716456,26.33687956609823,25.464912792603048
195,19.54048606868388,26.556169438193766,25.489826316461816
196,19.555331525038252,26.622887606058075,25.51535474875441
197,19.5394138466472,26.564305997908168,25.53964910184626
198,19.561305757264016,26.64991634148531,25.56474248750868
199,19.585118440868886,26.769695464587798,25.58948619540203
200,19.57855999496048,26.749209785953127,25.61363754768029
201,19.568828903985775,26.669373709318013,25.63845569218872
202,19.577254792881856,26.73599001642607,25.662070209092068
203,19.60492741012986,26.868296216514,25.686686560772515
204,19.60835763098714,26.86700688493353,25.711373267793213
205,19.586705429998958,26.780769265996835,25.734064040875264
206,19.60968857028248,26.873022225499547,25.758463221750883
207,19.616999147180504,26.912911309534667,25.782686474262686
208,19.610753030000964,26.89474079706331,25.805765741253758
209,19.616083654881376,26.901752962318458,25.82974291238242
210,19.62093061432482,26.92886326487581,25.853023816568466
211,19.639561960971392,27.038222539394518,25.876250971737335
212,19.634711110991386,26.98742719683347,25.900002774693856
213,19.6285190408045,26.982847574221317,25.92250430743693
214,19.630969561646403,26.947358700745664,25.946407240887865
215,19.617308968093145,26.931332398315753,25.967735337417036
216,19.589147691040072,26.713407618005682,25.99045614404929
217,19.530239205821992,26.48459943270822,26.01118493153905
218,19.52686008622478,26.411701949247885,26.03230696892612
219,19.574883691590045,26.698440562320517,26.051589527633205
220,19.647363348714183,27.06035222049894,26.072132468111494
221,19.59669567401335,26.771340412531064,26.093116304729808
222,19.595685354011703,26.80448076682721,26.112832118773333
223,19.661914319850297,27.112855035415993,26.13332736942319
224,19.623549870575424,26.90754144510771,26.153523583254508
225,19.626616308843605,26.947135314205166,26.173325117520058
226,19.670026636037704,27.154511598261312,26.193240874815512
227,19.640792705172988,26.99551424713981,26.21295542554098
228,19.660750255265604,27.114908003376677,26.233304021764262
229,19.68732162722101,27.25112238185379,26.25317626406521
230,19.6634825684732,27.098899295919058,26.27276900089602
231,19.68523617961238,27.23429164407129,26.2929193575529
232,19.7045655458245,27.341870293800774,26.313071204932314
233,19.682093896432107,27.190118199885585,26.332901148941655
234,19.703238493994895,27.334118363328734,26.35257256928285
235,19.716603258420108,27.396711946322743,26.372826186052624
236,19.69724244251342,27.27588983997054,26.392638751383206
237,19.72195433563512,27.426526388657063,26.4124932196801
238,19.72631512142865,27.446460668957762,26.43244429822371
239,19.7153326024945,27.36804081273708,26.45228958037912
240,19.733374385831418,27.482381157422374,26.471969419117073
241,19.736555135049343,27.49628690692703,26.491593128679185
242,19.73326476685064,27.46404400819972,26.51136608289654
243,19.741478021937795,27.51707756721074,26.531026046238452
244,19.746365423164292,27.548604234581525,26.550195731705696
245,19.746349092585277,27.521992440415136,26.569925003784324
246,19.743784730019513,27.544149648358925,26.58886850660164
247,19.738933039832165,27.45767078266222,26.60836569160519
248,19.70234992831391,27.318791486852962,26.626188246967168
249,19.67501441345001,27.085179507948553,26.644863036788568
250,19.60493070583196,26.78659148257389,26.661176667902478
251,19.60406768135686,26.745204066237616,26.677610849743807
252,19.62855885381145,26.848353671936295,26.694060970295478
253,19.66919513330812,27.14322679760377,26.709616969604077
254,19.69549394311801,27.223037181718265,26.725470245550223
255,19.684118442534594,27.151370658936884,26.741683672127895
256,19.702183816227606,27.310919789014502,26.757713570155943
257,19.70782935950201,27.285886654796272,26.7734634727453
258,19.71137310339543,27.30316989135073,26.789628965310833
259,19.731268334678635,27.45291972770843,26.805619512139465
260,19.725785512050628,27.37813246396302,26.821499156760833
261,19.738839977696326,27.45744099819902,26.837754216104713
262,19.754256418148803,27.557344941087113,26.85387216690467
263,19.753196165855066,27.527398013354393,26.87022744920383
264,19.759302036526506,27.566844380360806,26.88665665396978
265,19.77362063833567,27.655255677705235,26.902879632694862
266,19.77668097946839,27.664547534040803,26.919276484815725
267,19.77901746265244,27.670493762590166,26.935817835511667
268,19.788882128883778,27.729322911077112,26.95232072105574
269,19.796203047697205,27.779417321566417,26.96906247302544
270,19.799833539931825,27.782238729262026,26.985891394541355
271,19.801079732362904,27.79180204653574,27.002380679469734
272,19.80926297135957,27.85357318657741,27.019050763597427
273,19.815528299856933,27.86338300199787,27.03597672907219
274,19.81353882771184,27.860546805525605,27.052635420475294
275,19.826396200930787,27.93693690761634,27.069245239457306
276,19.82323873890849,27.898859438488802,27.086077548689993
277,19.83093321451799,27.965919709310995,27.102743312931285
278,19.828640433025072,27.91717358106822,27.11913669068206
279,19.83772728332237,27.998606897741514,27.13581406911925
280,19.842766485372625,28.007664845307264,27.152463356995998
281,19.838981839558347,27.988856670643653,27.168688778612058
282,19.85105995850163,28.065619420686353,27.185133893345576
283,19.849034741488097,28.034511499946845,27.20173437396369
284,19.850988428769263,28.072986426069313,27.21790401374056
285,19.85015998163438,28.018300439139345,27.23410082411029
286,19.851902453478033,28.084378821460216,27.250345830030994
287,19.840525981851997,27.935046032495613,27.26618261167397
288,19.827683677612825,27.947737824711915,27.281978255437267
289,19.79524737811927,27.618748271024266,27.2972109584358
290,19.767502750396446,27.607428831360174,27.312051016550164
291,19.777945605725446,27.529713087506636,27.32633670150742
292,19.833121500512533,27.960032776395835,27.340776975779313
293,19.858432654125995,28.1221913803852,27.355612511557695
294,19.8399353819922,27.912920675924198,27.37032907742809
295,19.83622063360754,27.973615032797344,27.384796115619498
296,19.85343626443568,28.031542469378607,27.399483679504147
297,19.86583395085117,28.093098506981615,27.41410662972902
298,19.86744028462984,28.163325895935976,27.428723824151014
299,19.861001835820147,28.045835809552322,27.443441876606546
300,19.875377394049252,28.15594659599934,27.458059943218455
301,19.88670360373463,28.249355634381086,27.47276777682009
302,19.87254575276177,28.10564000874756,27.487538868158158
303,19.878622959659236,28.194222403490695,27.502292993517663
304,19.89387522318606,28.25332433152345,27.516864008389575
305,19.89664659473284,28.28370475487145,27.531878058913843
306,19.89561147200592,28.279361082754207,27.546965246614885
307,19.89870531211484,28.263512184176143,27.561633334383004
308,19.903563550054383,28.345153795253264,27.576651054143237
309,19.89854316889664,28.245351449951013,27.591358376382374
310,19.903081628760678,28.32853804168306,27.605688829113745
311,19.908999020767755,28.329930865993255,27.62049266264531
312,19.913089209306897,28.364385291015196,27.63522519262686
313,19.915272091355043,28.370166701976608,27.649716882991715
314,19.91960968676487,28.39786300152918,27.664476500627096
315,19.9208043531715,28.404605438478328,27.678886485724867
316,19.92669505821727,28.433205571888788,27.69329790284246
317,19.933448617663085,28.48140272152069,27.70796540282241
318,19.93300427479445,28.47270593144849,27.722234096025975
319,19.934047329513668,28.46180889662698,27.736630844513797
320,19.938832048030424,28.518340529935298,27.751050194950977
321,19.93722810797093,28.462112203460084,27.765118995607132
322,19.935042612424546,28.505590001606784,27.779583974600406
323,19.906769835248816,28.205312752739257,27.793072209531317
324,19.851977123168496,28.013705333531536,27.80691814180145
325,19.806468475970288,27.55130038583504,27.818079696589187
326,19.82416220904087,27.845115365257143,27.830907999959138
327,19.866887992917242,28.00128546202165,27.843081313215556
328,19.84720985820823,27.870301905643547,27.854652661752574
329,19.84964897127931,27.972908247281474,27.866253114024918
330,19.89427552435243,28.21115814005932,27.878014003477265
331,19.868860350605722,27.966669191766567,27.889485895994063
332,19.902413060603422,28.279472998846693,27.901301879182313
333,19.906686976324156,28.315185694298354,27.913544452377202
334,19.891096693301,28.12383585455004,27.924772802903647
335,19.921358339424554,28.36673732605417,27.936030123186324
336,19.926450748765948,28.43732252498424,27.948799468988103
337,19.92651774906633,28.37239480588092,27.961041576962625
338,19.92666908598768,28.367091865090075,27.972327201454775
339,19.941112948812115,28.51763535229628,27.984565990513506
340,19.94950615965259,28.546653123805854,27.99742517734324
341,19.94901854944807,28.5018179716773,28.009726600729877
342,19.952374530745338,28.559957347648123,28.022159371785996
343,19.964229945825306,28.634877042702605,28.035036219668843
344,19.96562706129471,28.598134839851536,28.047599326191666
345,19.965488541961932,28.638068400540234,28.060081519548454
346,19.97566633705515,28.69961900522282,28.072810910359518
347,19.975380682067925,28.647821856745193,28.085636999993
348,19.977366226672565,28.70633358512467,28.098304006126988
349,19.981282951640452,28.707460584987157,28.110651974040323
350,19.98564463045882,28.735633699520747,28.123533599090273
351,19.987547549463798,28.76206556264604,28.136133400893737
352,19.990042072672956,28.74469244555487,28.148242202093435
353,19.99343366114245,28.777635309706035,28.1608882776429
354,19.993162853061087,28.785356193975083,28.173304587888953
355,19.99783666919486,28.796088660079956,28.185356170268822
356,19.999302562962193,28.790296912790115,28.19769147111151
357,20.00266536572508,28.852144506721498,28.210256078265736
358,20.002221410903726,28.793241691605914,28.22212977557222
359,20.006380573016198,28.86131940886987,28.234472861822013
360,20.004044140946515,28.809815808447915,28.24645781173463
361,20.005768395014485,28.847372810171947,28.258888497240882
362,19.990655479730602,28.67131681334595,28.270252903730334
363,19.979208350010346,28.694110075521408,28.282828912198536
364,19.917828164520216,28.112754933580742,28.29304408238926
365,19.859791270983443,27.951700171428705,28.305115594209504
366,19.847921311907932,27.69147634420202,28.313559803124953
367,19.954994610330473,28.54034360364129,28.32418148903622
368,19.991292828027458,28.814135189673745,28.335495008421493
369,19.926160266375824,28.190935014610986,28.34468492548393
370,19.954882039475724,28.530416821460314,28.354675599226123
371,19.995001196614886,28.801082850678764,28.3651534003095
372,19.953308155236773,28.390122102603307,28.374318621508174
373,19.97912666052224,28.67265698035952,28.384152074175887
374,20.005981837114795,28.84615897958441,28.395009081120435
375,19.977034693807376,28.54417332441902,28.404715783663086
376,19.99635487155845,28.760924313244157,28.414197575407712
377,20.00713770072393,28.83668957395637,28.425102270013767
378,20.00477076866389,28.741843501194992,28.435753842247088
379,20.01245321074051,28.85030717104348,28.44544733991938
380,20.017960243525707,28.897425341699833,28.456323202744187
381,20.026583787560448,28.89964821513308,28.467611407501785
382,20.02560645710679,28.91431032731388,28.47771352329822
383,20.03218397257696,28.989101107252075,28.488621350978114
384,20.03671000542281,28.968216682563025,28.49968761196304
385,20.038840204479087,28.998559031741774,28.510021518269188
386,20.041723127636004,29.033137791288155,28.520825122272203
387,20.046889190389745,29.035173560868373,28.53175581388907
388,20.05013037277542,29.062637398171923,28.542275979622044
389,20.046794928564424,29.03565085180709,28.552762273101596
390,20.056082905659544,29.109729755884196,28.563523259453426
391,20.053183994021914,29.045383007313845,28.57375768688893
392,20.0550658585303,29.104546437961517,28.584407486902784
393,20.058142216917545,29.091023765439243,28.594505783674734
394,20.061314843782945,29.11734974167278,28.6051453230274
395,20.05846243143784,29.080534011146227,28.615249427799036
396,20.063415899624985,29.150142623176002,28.625698651658155
397,20.053494241654537,29.001316284501023,28.635523929329565
398,20.050149154556006,29.06927389315346,28.646344961247195
399,20.016221485418654,28.698593876572392,28.654863909468848
400,20.00362357515021,28.73668633552805,28.66573943794526
401,19.98132263732205,28.464213368512127,28.673899950002504
402,20.01664719808288,28.79802830450656,28.68314747034303
403,20.054224526506598,29.07469884051345,28.69286882972544
404,20.05383559407372,28.982124094839037,28.701880895605232
405,20.037172677784802,28.968974590293307,28.71111937272946
406,20.049303627880917,28.99407834869357,28.720071149401463
407,20.059834972973558,29.01471888033535,28.729259795164648
408,20.051923580312533,29.075075305465422,28.738463534421594
409,20.059227093906095,29.037343407425773,28.74721643568251
410,20.06191438774307,29.02327137455719,28.75657718401763
411,20.061596649907564,29.108940744633017,28.76589471757554
412,20.074155647554438,29.13356561535562,28.774937759223086
413,20.075010715643092,29.115235543172524,28.78442416687073
414,20.070185992394812,29.12712746184742,28.793714632470973
415,20.081884309946098,29.181613307161115,28.802980371048026
416,20.089190098413006,29.220095979162465,28.812232423879458
417,20.0845220267262,29.202568319043316,28.82150513242992
418,20.08289807664994,29.162559483266925,28.830543442498993
419,20.090381530032687,29.23898837633069,28.839846961404348
420,20.092330292478778,29.22948654118621,28.848865229299463
421,20.089452660426307,29.211551915159546,28.85789141303659
422,20.080661036158887,29.127575917359675,28.866852225163445
423,20.076221865445348,29.109988107868556,28.87609658932128
424,20.053158578925654,28.89069591317236,28.884031174672884
425,20.039036656202406,28.880034319997314,28.893483795210948
426,20.022666931378808,28.650433684155946,28.90091339586536
427,20.051744032256895,28.99556118500566,28.909468217923255
428,20.097072909618706,29.29083341887049,28.918506632099074
429,20.082262934753352,29.07940579975273,28.925889337031613
430,20.071855452262707,29.13833227953585,28.93456501131932
431,20.088838260251634,29.162408435243243,28.942538287600396
432,20.0892957454974,29.152477608848535,28.95014151126958
433,20.087997228553697,29.221723747002407,28.95872996003334
434,20.09536002020416,29.169490958524875,28.96622742176673
435,20.104925604586498,29.273814343080137,28.97454391275124
436,20.106584032634718,29.306207450363345,28.982972513909793
437,20.102669801879244,29.21482888729074,28.99060553178808
438,20.112989006911313,29.323156523411207,28.999145284707147
439,20.10804645749375,29.260703762415552,29.007089348197933
440,20.10698012155442,29.252218940015947,29.01542022340601
441,20.113703521110967,29.29037618401239,29.02317102641488
442,20.127514226719363,29.41732042947266,29.031741319563892
443,20.119241954268926,29.299149546550414,29.03935884673146
444,20.1221421045595,29.40349103424815,29.04792470593335
445,20.115289791699134,29.228240988193704,29.055024870701875
446,20.123704154585166,29.397067888965594,29.063913804024935
447,20.107809784581825,29.181264638242247,29.070646511979163
448,20.114132781454018,29.296598918004328,29.079129746535855
449,20.10254361365996,29.122512329966,29.086129772872454
450,20.10847364389825,29.272385695097153,29.094378272640405
451,20.10553003745239,29.110969008035468,29.10064820502415
452,20.126056195647017,29.429142734662925,29.10956929299115
453,20.107915929241237,29.141623997247443,29.115297590472462
454,20.123491895508387,29.360712629872204,29.123723788801897
455,20.110462698741888,29.19536817364776,29.130578150777957
456,20.110027188790166,29.1783234408038,29.137693796251956
457,20.105304887468005,29.212681116612877,29.145508037447815
458,20.104013553672107,29.074513730092953,29.151722405225236
459,20.125163757280056,29.372255596780526,29.15952195651132
460,20.142794053012988,29.42255948327286,29.16657968015916
461,20.14065072203884,29.40730531971299,29.173433847886784
462,20.131709682205454,29.373289922611484,29.181145699576085
463,20.123541199875454,29.22006957805134,29.18771231393317
464,20.127203597423673,29.31989833022742,29.19500723822344
465,20.12721744643043,29.28703003702996,29.20241973193005
466,20.100225880955904,29.04100724850677,29.208666805037183
467,20.076552056665843,28.935794182402628,29.216032476596453
468,20.04766775598915,28.641378974677973,29.222314059734032
469,20.01749756071323,28.513181186830337,29.228405582971966
470,20.08265704679264,28.974985406937172,29.23498089997051
471,20.143932245572522,29.431067330618742,29.241705710382632
472,20.10516295421037,29.140779644352463,29.24777066170312
473,20.101779956129974,29.062437801966404,29.253739185460766
474,20.142030991207672,29.397833337921867,29.26070985231626
475,20.11995784317035,29.218622171863355,29.26599429578243
476,20.136852891133053,29.32319026246176,29.272502441497267
477,20.149019112092986,29.421952247083194,29.279176776294857
478,20.137398520921757,29.325630839026225,29.28473821465832
479,20.158974506376737,29.467918109276198,29.291164933392157
480,20.154508515347537,29.43460708341377,29.29781116454507
481,20.148373901348968,29.369135415982292,29.30358342608995
482,20.170282226665055,29.555810393629272,29.310183591510928
483,20.163427432899937,29.472406182785647,29.316855541716556
484,20.159191609593655,29.43281060195046,29.322793123892517
485,20.169218299932542,29.514941347549733,29.329478549820248
486,20.16309325305746,29.450784576755368,29.33619536456972
487,20.152304681129237,29.3426822170801,29.341813047931996
488,20.148371316285832,29.360343700835934,29.34862012154693
489,20.12020763030469,29.066607716933667,29.354072040341684
490,20.117844742779084,29.142962705388165,29.36055868702162
491,20.13598276330893,29.231343633840176,29.365917307665402
492,20.171502556165336,29.548726214748807,29.37280125203116
493,20.146956572971423,29.289169411391228,29.377620245177283
494,20.138607995734965,29.27159640663644,29.384555039908363
495,20.12831342701991,29.10322154279519,29.388794580042962
496,20.154631248770578,29.461742612315845,29.396343346805722
497,20.114586294478976,28.95586001734953,29.399665070544607
498,20.121703452768944,29.26461129917839,29.40680359774558
499,20.17071459442566,29.461738752285143,29.412240682728946
500,20.15284960224127,29.259781324878453,29.416446028383852
501,20.142769063755313,29.374785996346038,29.42317539819232
502,20.175361764724794,29.495347097877907,29.42875642963417
503,20.15817433958972,29.29103406912628,29.43342393477044
504,20.15600659701363,29.38870351781588,29.439085302299553
505,20.185048691137947,29.59429752773037,29.44542436256976
506,20.16897991272076,29.34601835090133,29.450070387372516
507,20.17775412220584,29.51178822787043,29.456031294608607
508,20.184715147620672,29.566505780144112,29.461740628950444
509,20.189836508608316,29.499031342239373,29.466993761370595
510,20.19180611896072,29.58108452139978,29.47296940866459
511,20.18630061871705,29.555570020237674,29.47821027465231
512,20.20464248158056,29.635395279050215,29.484383757192813
513,20.19041998108774,29.483543019437644,29.489237477331297
514,20.194604407653095,29.61852446580146,29.49567423963261
515,20.182902079954115,29.422476154577044,29.500396041808088
516,20.180376289680446,29.43712719701272,29.507197818317646
517,20.117067613216744,28.87683136418471,29.5099686300216
518,20.140041016696134,29.23465533488774,29.518421445557404
519,20.133660872616844,28.990058737643384,29.521042356164124
520,20.188889283422846,29.564161193564228,29.526299178258988
521,20.200802999627925,29.70129344298956,29.532807076115823
522,20.17575285385988,29.352528160802386,29.53650275058405
523,20.18723454245048,29.513940898829386,29.541677802357288
524,20.20183710541465,29.643661353864257,29.547204350929498
525,20.20133359482074,29.601549907178747,29.551931441193386
526,20.20263753348424,29.573859098493838,29.557148153156604
527,20.21013550220291,29.634741917435154,29.562734673454145
528,20.212620355738757,29.641919644675,29.567536937999876
529,20.220353110709834,29.691574816415113,29.573217358923173
530,20.215810395943784,29.592614349881078,29.578295169117656
531,20.216533044171307,29.690426245203465,29.583939133094677
532,20.224942184094573,29.62370104363054,29.588840760150838
533,20.225977815438213,29.727093978341088,29.594519017107643
534,20.21154526233845,29.564484019904718,29.599613246866635
535,20.199267026884755,29.449624579115937,29.605438643380566
536,20.1667996451558,29.176622431825407,29.609798630461405
537,20.141806298764266,29.11142417103354,29.61626365947251
538,20.138243360415338,28.943270637989073,29.62025368387635
539,20.18205739794157,29.444022457540605,29.625939216749472
540,20.219833213021406,29.721725989794365,29.631165862076134
541,20.20630612945732,29.544616566678247,29.636495702573356
542,20.179409875092745,29.326156641608698,29.641284672166215
543,20.208222909886988,29.60505826397722,29.647096278984204
544,20.22261735467542,29.641752922529495,29.651484553438443
545,20.205905330040398,29.515131196202844,29.656949161995904
546,20.197425704237816,29.430795913936585,29.661467331154356
547,20.222472057723678,29.68008431223677,29.666977569377423
548,20.206056597279005,29.404861060614298,29.670995578688306
549,20.19004218463843,29.386497949389685,29.67607056247324
550,20.20314489084722,29.478856208346556,29.68086683693454
551,20.21803245422604,29.552838081766275,29.68585672431042
552,20.210055856237645,29.521095032331278,29.69053841452579
553,20.21954493216817,29.57056783348316,29.69523254642471
554,20.240633044057027,29.80628341924667,29.70066276610185
555,20.23656097195811,29.616570289225113,29.704475331859875
556,20.230849685183642,29.67772882686259,29.709905989159154
557,20.231108500806833,29.57556741403897,29.713801153304896
558,20.253001705671227,29.776281984776347,29.719092530931782
559,20.25096903395776,29.792632858304664,29.723502953113478
560,20.255967833126178,29.74720815323367,29.728062266139624
561,20.254526827405584,29.77556209400946,29.73321459829603
562,20.25244727826337,29.72545619008624,29.73728261711456
563,20.26684331797671,29.842380323128452,29.74247014430453
564,20.261386362592013,29.751867978366874,29.746730623624202
565,20.26111511738453,29.810258282043076,29.75181422545024
566,20.252206753575628,29.639968784767753,29.755772506131443
567,20.253261992314012,29.764737973764323,29.76142036361869
568,20.237293059823635,29.466561415562328,29.764341896641785
569,20.2283452579398,29.603400874912566,29.77144852701572
570,20.119089993815734,28.551595874312298,29.77148180584717
571,20.126689422077423,28.934348611798868,29.779105308435273
572,20.186898060653256,29.21842124355349,29.782270829257882
573,20.177167805629868,29.072595719343756,29.78319675587448
574,20.195430860258302,29.522728069395097,29.79000216196882
575,20.197783908394683,29.357703248801208,29.79426414011805
576,20.195238012310174,29.24844175958642,29.795815374796277
577,20.228357692839843,29.674603916745163,29.800369990118245
578,20.220334274115473,29.51366557558015,29.80570571402325
579,20.228652760024673,29.56685258888157,29.808920761438497
580,20.23971278279562,29.606214858350597,29.812055743543702
581,20.24300185887632,29.617271590566276,29.816984622988045
582,20.253708681712755,29.77461252379698,29.821318183169296
583,20.25365927136619,29.662721158079542,29.82453725630794
584,20.261296132491083,29.713267258634843,29.828982758345003
585,20.269332812621528,29.857231347713626,29.833817540154733
586,20.267782266363227,29.713589624665797,29.836896913616343
587,20.27508405007742,29.790445803663218,29.841219528527773
588,20.285419450466556,29.914238835847463,29.846099233662162
589,20.27465730336043,29.728769255044426,29.849162891190403
590,20.288721986519697,29.867259723629665,29.8536263468253
591,20.291390002149402,29.900607928222946,29.858110694894464
592,20.286632652405796,29.823225864629347,29.861745395363485
593,20.29430436288786,29.90414349145922,29.86626280429202
594,20.295334234116012,29.84459769351318,29.87026718009063
595,20.287858083596614,29.853371646350837,29.87447151684745
596,20.293072030480936,29.78763494368546,29.878617276361595
597,20.268853921735502,29.686078599510495,29.882689281812734
598,20.25208195202228,29.440840485443914,29.88705468072121
599,20.186626809317467,29.03679548907291,29.890537545363465
600,20.195298598607906,29.1131870503611,29.896321198896313
601,20.20366346144819,29.174792536630218,29.898997428682126
602,20.280356079502468,29.910070242854356,29.904772686872224
603,20.234164926408155,29.325441260358712,29.90827788987342
604,20.212406022448015,29.45409239718686,29.913550358791397
605,20.27420005446324,29.717325656744322,29.916634818527235
606,20.23978296014059,29.435910361352665,29.920487007014845
607,20.24231895971281,29.683477507684294,29.925898147423787
608,20.26953001293467,29.659168985480704,29.928986742275484
609,20.25384595771767,29.489846622118737,29.933303572229253
610,20.276080511123137,29.828697121497033,29.93748490559809
611,20.2725076282522,29.714251863752654,29.94150668121284
612,20.289486790825357,29.772817404445885,29.9455891086158
613,20.29002284177562,29.805088997173396,29.949251245745046
614,20.286145543360856,29.806353353097236,29.95389325343829
615,20.29800355302533,29.824861635806915,29.957007703463233
616,20.297102250194527,29.81248292027196,29.961724770507956
617,20.30887849975155,29.937407307917976,29.96567229281908
618,20.310166166476996,29.893188933431606,29.969349496106112
619,20.315683206213052,29.945906721906958,29.97362681908629
620,20.325790849224656,29.99497174926281,29.977527255690063
621,20.309441479021025,29.860582041978184,29.98131272708273
622,20.31374419186369,29.87102664648455,29.985058534461565
623,20.30147105708574,29.75841880151627,29.989742676291606
624,20.24264156127787,29.246641249047517,29.992078209957977
625,20.150073125313156,28.74697759563901,29.99783187580334
626,20.11195707050878,28.300500037018715,29.99903688470233
627,20.174925671548635,29.133210805356224,30.00532349363603
628,20.220110630715766,29.270460372873185,30.009290013244506
629,20.199853284428745,29.091147548649726,30.01145624486448
630,20.225574500343406,29.46666285172208,30.016064583201924
631,20.251536677879347,29.525596432363933,30.020033644011374
632,20.257106141429336,29.59237567332903,30.02355558783534
633,20.240793104940884,29.42596620613996,30.02613005335247
634,20.287901988505826,29.829200204015333,30.030234792852628
635,20.28541157527904,29.843405574270253,30.034782465439246
636,20.26564891502536,29.557974709236415,30.03699404115435
637,20.300571627121762,29.85956801927971,30.04058178065652
638,20.301523108788007,29.797465232354373,30.04412116550145
639,20.302499877521726,29.836807406158105,30.047614110755777
640,20.31333739990853,29.889536561268947,30.0508772159533
641,20.31606311565229,29.846541033814354,30.054231423796626
642,20.324825712872823,29.996647606561837,30.05879334552383
643,20.31948892527051,29.807244040489028,30.06090143647451
644,20.329723367424982,29.966582354475104,30.0649966373299
645,20.33141194783857,29.945832606632457,30.068544256240955
646,20.33603610246874,29.96542225040985,30.07162986517402
647,20.342077461977418,29.967602312402217,30.07488894988945
648,20.346685717733713,30.04807329540821,30.078975758083665
649,20.34428894884366,29.95531588222928,30.081632274381175
650,20.354191025642535,30.05281838249249,30.085319167695786
651,20.354785802893147,30.041094765126797,30.088695863416373
652,20.35384405097687,29.969951079314484,30.091509217312407
653,20.36077682554435,30.070483383206117,30.094955725959657
654,20.367331496004432,30.114737338597372,30.09855191952457
655,20.36053156265799,29.972448110336444,30.101015335050974
656,20.364321327160724,30.116422937277875,30.10533626178173
657,20.34766510454476,29.80084854676065,30.107098047504536
658,20.326305131786896,29.831819236448265,30.112384790384045
659,20.21622159143074,28.75007579104537,30.111632879024274
660,20.143121948303605,28.624541955961362,30.118946591867456
661,20.235838767301537,29.13058592783166,30.1196846384235
662,20.26979743999692,29.325324284736098,30.121943732754325
663,20.206610692616593,29.193922052980437,30.127410897971245
664,20.287944108869343,29.75215480762437,30.13092175313906
665,20.236840488130273,29.14084539069503,30.133028047845833
666,20.27098316866971,29.55218326890456,30.13574459673749
667,20.294307081588585,29.77198433650409,30.140428678117548
668,20.299832625199706,29.618674211732547,30.143739219642285
669,20.298250684306648,29.590957953777306,30.145112423023946
670,20.31299477877048,29.78384074662166,30.148717179390744
671,20.32980540860003,29.89812051939079,30.15299398239321
672,20.32060132812326,29.712426596740645,30.154560715814572
673,20.333956477369874,29.860830075983205,30.157825477603268
674,20.34604411357926,29.991788981319154,30.161859138837393
675,20.343433149865206,29.925467134712274,30.164451083501245
676,20.347765092896495,29.869215237803846,30.16654117145049
677,20.357745215967068,30.005387554860402,30.17007417898722
678,20.36187581356925,30.03871453752285,30.1735775724331
679,20.360528601035178,29.910631324980486,30.175465857083694
680,20.367844617439452,30.010745712145805,30.178425364603733
681,20.378663910192767,30.055564306962044,30.1814200991751
682,20.37599070501962,30.002422494597738,30.184016428850043
683,20.378359307523503,30.050723324371397,30.186745450729255
684,20.38445031307341,30.039693574372937,30.189537110397335
685,20.386251641565472,30.07306024299087,30.192286513552375
686,20.387067333064834,30.030855124938164,30.19451402068625
687,20.39367726386949,30.100972251634197,30.197825849729117
688,20.38700962535854,30.001338466935245,30.199613598943003
689,20.396495312768824,30.083357287917906,30.202993586835248
690,20.37927156449301,29.878093892656995,30.204235021791007
691,20.390464627306773,30.04744993587416,30.208339665300525
692,20.349250466978294,29.542306775407678,30.208299412583465
693,20.34919301015842,29.783414816981168,30.21394815618748
694,20.290721872631536,29.082941639427222,30.21303073276171
695,20.316347299607763,29.569225365623033,30.21880481503927
696,20.33513070013425,29.558213431691197,30.220274280672825
697,20.358527084896487,29.78078407735517,30.221945529100985
698,20.37511628605788,30.042496933524504,30.226906551255617
699,20.338448996003017,29.553840084799656,30.22774450266339
700,20.347984933216207,29.746361975194375,30.23065913726989
701,20.383530842346374,30.06773364532906,30.23450994162109
702,20.37073603380815,29.794366224096052,30.23527367425789
703,20.370562960051544,29.896921871077726,30.238715128807158
704,20.389665332217145,29.923737781266148,30.240233300493703
705,20.4060292792623,30.05551708446687,30.242073986803682
706,20.392301681669235,30.050520181163023,30.245216758202574
707,20.390494416104588,29.833637727716305,30.24608420209287
708,20.412044056910432,30.156574941395586,30.249348316189014
709,20.40362770989465,30.015678137961995,30.251053301559068
710,20.41160431677865,29.988586997323058,30.252957269299273
711,20.410525018106146,30.030124165897,30.255284402820138
712,20.397318487416744,29.891790458580946,30.25658617146423
713,20.404787706331746,29.96601600604627,30.25919988301757
714,20.396586679761622,29.860147096839448,30.26116769980488
715,20.363713664394957,29.60972152439009,30.262089222315304
716,20.363506471089433,29.65835318047,30.26661035459607
717,20.314756661329984,29.19101529329522,30.265787311876117
718,20.381003049159645,29.917954727849356,30.270209159266734
719,20.420507084302475,30.144835055876037,30.272813980660732
720,20.39321976413257,29.77308462920164,30.272600541384737
721,20.386658360027056,29.993433437118725,30.276882749388104
722,20.40632909719253,29.904160971728267,30.278005134391556
723,20.405686260179735,29.899218287897323,30.278677508283202
724,20.40715820184365,30.136348486241943,30.28241254712509
725,20.418486778272552,29.95902801777615,30.283865915052516
726,20.41094852899227,29.89693873959434,30.284913395565543
727,20.41166646501894,30.047737554829034,30.28751194172811
728,20.432039758600542,30.04713768110257,30.28984757096714
729,20.41129545101821,29.8199587874414,30.28971918076007
730,20.42448357420712,30.12358319748927,30.293368214080097
731,20.423583388843216,29.866843458839924,30.294056230321203
732,20.41129768221493,29.90282382776742,30.29582241117332
733,20.39521166567699,29.68788588274129,30.29711964057438
734,20.38073736123012,29.706652426585475,30.300473708835742
735,20.347917281723838,29.252787199735213,30.299591388204593
736,20.364571634965305,29.67072759179377,30.304095392758438
737,20.371845268923266,29.615377573939497,30.305279391366376
738,20.38077284421628,29.51659905723129,30.306359153295208
739,20.31234814153411,29.446808926395732,30.3098568218807
740,20.394710061943087,29.90385205476814,30.313296906110423
741,20.380162035916833,29.517155310704652,30.31301995266944
742,20.371548921144658,29.751651911592965,30.31548793169376
743,20.384511342365627,29.796736757089928,30.318919618256462
744,20.390624266242465,29.633244396852945,30.31894620219292
745,20.41362706998401,29.969873617912906,30.320857522803287
746,20.400252784642543,29.868948428446235,30.32414090294074
747,20.418755540640113,29.94562248713175,30.325241142623355
748,20.428898469164437,29.899195125143443,30.326476490336255
749,20.423096589647457,29.951407064184185,30.328464841680443
750,20.4256232378551,29.962712245972046,30.329739073953796
751,20.43761659203284,29.905853317084752,30.33097756444938
752,20.445577057811963,30.030487105507234,30.33236676646158
753,20.431201378239734,30.02109516824188,30.334198407139215
754,20.452682367400342,29.898668735717735,30.334318214663305
755,20.451569759763455,30.026570450340397,30.335648500596164
756,20.440625861048392,29.96070269156426,30.336821800320504
757,20.439549156963324,29.851714549616098,30.33778380310658
758,20.414589049802533,29.611265447888933,30.337899022895325
759,20.359004407552405,29.388997636077026,30.339553817999562
760,20.369671254389672,29.379584320892974,30.34194368194719
761,20.34715819684102,29.31511061973292,30.342610537506655
762,20.4350291980739,29.965630937547676,30.344664376142944
763,20.419195945203924,29.78085925941734,30.345438846055373
764,20.385756592390845,29.586229480897913,30.34776357946202
765,20.39105597155796,29.44975663890384,30.346612460419276
766,20.424559114007312,29.991412545565467,30.349313192558576
767,20.41330174565397,29.823288163636498,30.35120556318923
768,20.419485465613292,29.75958500490815,30.352026342773158
769,20.455452917361335,30.064309326410434,30.35292666007926
770,20.432400131137086,29.880375358150147,30.354588040350304
771,20.435921244409123,29.812075680024993,30.354894325191204
772,20.462181052561856,29.945982494268556,30.355431983699898
773,20.445268261635412,29.97352392119168,30.356984132590206
774,20.45866825545665,29.893878494126362,30.35694085376194
775,20.47281974189265,30.03925296059485,30.357948095638232
776,20.46987053427539,30.005430373627355,30.35837431764817
777,20.463016644682845,29.870893117314044,30.35908445375889
778,20.44269452550151,29.70795571715489,30.35817355930625
779,20.443643833195875,29.786430143144592,30.36100616303534
780,20.339405102222898,28.893565340937105,30.358096615464394
781,20.306684432968694,28.959104097354388,30.364037000541423
782,20.282853759118574,28.527253726637987,30.360381431026617
783,20.335780477422514,29.349595789663738,30.36389235043982
784,20.416200340082675,29.78523498742785,30.366506435387347
785,20.37737527767186,29.35336189716013,30.366350659426615
786,20.382289496393117,29.549936824544147,30.367714238350448
787,20.421306612616007,29.907090869560978,30.369379712960303
788,20.41770448961552,29.72198668346102,30.37044629681262
789,20.410704297916133,29.646678761851,30.37110630971459
790,20.42679003910026,29.90374005635447,30.373087477297425
791,20.43159371477541,29.657700776293325,30.37282949122915
792,20.429386136253044,29.804558477523937,30.37380993301094
793,20.46108592501945,30.023753675444176,30.37495034661221
794,20.44888064405443,29.69006426383924,30.374629020102827
795,20.449340047431193,29.927225650622496,30.375824511689355
796,20.457037609472266,29.807648296525734,30.37538235991384
797,20.471197437314377,30.00640836303285,30.377261499412583
798,20.468305780024544,29.85374506629128,30.376711725602668
799,20.480136615713775,29.880023385161355,30.37602797415071
800,20.48583466587608,30.043024446728435,30.37772615989511
801,20.488288234212003,29.88281999572937,30.37682763551683
802,20.485823649773003,29.926051791557743,30.376443179781425
803,20.494985093461587,29.957382144689767,30.376858749646438
804,20.48981131481532,29.91522587296059,30.376836148386825
805,20.48628582453983,29.853849938917,30.37591804694867
806,20.498237633591078,29.953730634228727,30.376903484872685
807,20.47090627933652,29.644980996059985,30.37469402514409
808,20.4662865427993,29.84232281366619,30.37739185451281
809,20.4008175792,29.03316005049382,30.37403132921041
810,20.39658640996667,29.380573612250934,30.377124652457454
811,20.428225134706693,29.47772193784666,30.376275026522382
812,20.465919625627038,29.67540548465474,30.375905938526415
813,20.414358447104505,29.694783536301156,30.37953015561939
814,20.442419667287673,29.447785814852626,30.377686855217746
815,20.486423086426626,29.947825073404527,30.37843744194069
816,20.465789393401124,29.90292485250812,30.380215279023282
817,20.46783883890346,29.60262035892553,30.378013513467174
818,20.496261900988717,30.025361914385012,30.379382882031575
819,20.496672067130163,29.919689788783444,30.378961959740888
820,20.490003225523516,29.711913241915564,30.377490328765973
821,20.497136338983097,30.090337717769916,30.379577392461364
822,20.508364727644192,29.869601268371525,30.378359640763755
823,20.510100150394223,29.85262554075632,30.377223120624485
824,20.504789750166662,30.040267800012987,30.378656003510947
825,20.509309992082613,29.712719307221622,30.376537975101044
826,20.506943636750947,29.896235965641136,30.376165737060326
827,20.512262621288112,29.8969923207043,30.376679416329907
828,20.479441081556974,29.482340130319283,30.374221875055643
829,20.46824992307065,29.651546338322543,30.376103089324296
830,20.43123674965138,29.246036650116608,30.37389623164316
831,20.473109770593506,29.524417673383656,30.375240944137577
832,20.412853464210116,29.333116487194616,30.374563202185712
833,20.478408544167486,29.686705528141836,30.37536960477874
834,20.450327444603783,29.32791067692582,30.374407597604677
835,20.437579425701486,29.520767978341745,30.37453082402579
836,20.47303353122429,29.83364258751234,30.37658399912804
837,20.470555473514004,29.56742935327511,30.376491569704843
838,20.48603705710481,29.700820469286015,30.37519122621131
839,20.482866527981823,29.861572731742463,30.377533143132126
840,20.48018536122042,29.638793586414387,30.3770317975357
841,20.474939553558062,29.46287478594708,30.375028570134248
842,20.45349803232852,29.62041380453227,30.37623924663169
843,20.473974042592413,29.618844536893384,30.377040769325085
844,20.422044257711605,29.121969455796524,30.3750250322266
845,20.462119461885557,29.681821383619365,30.3777946693179
846,20.434371485564846,29.289048619508534,30.376766551323456
847,20.469931883697875,29.576295976635922,30.37695847379816
848,20.466678410433673,29.65107357016685,30.37758944408044
849,20.454362976895588,29.491422184650023,30.37730123884031
850,20.481735285226602,29.74180434671691,30.378841779882606
851,20.482333324739926,29.570585798403823,30.377144266533165
852,20.507157581934653,29.821625900599734,30.377935508159062
853,20.488230082581364,29.761187752253054,30.378130953975194
854,20.510173532398063,29.69544648115823,30.376653064840514
855,20.53244863332442,29.867124690208815,30.37599694947017
856,20.5107763965899,29.806336531674486,30.374920740907147
857,20.535402665387483,29.829728209504175,30.374259737653087
858,20.539024913666033,29.824838482902774,30.372674326305884
859,20.530264228354437,29.882679885762727,30.371856539210214
860,20.553669858219187,29.887350872622996,30.370942012496492
861,20.539238767855913,29.788325194525,30.36896138420399
862,20.550953261911914,29.87619361611722,30.367975261211125
863,20.54975732920031,29.780363863638367,30.365867489326376
864,20.554282361509276,29.836280857645924,30.36465336257048
865,20.54308540734281,29.694466323927774,30.362027309633408
866,20.52641680875905,29.74710670938789,30.36258127062789
867,20.46499342088196,28.96016144470764,30.357906886614753
868,20.38863288030854,28.958599731332527,30.36111761257652
869,20.441204982294565,29.233926814034273,30.36037247464955
870,20.506793574338538,29.539469886212327,30.359515892324186
871,20.401095585736666,29.19280649904794,30.36221085253773
872,20.4714486676307,29.56668365079429,30.363123686332965
873,20.443108471928618,29.094253026271208,30.360616863757002
874,20.4212376349064,29.319268892902706,30.36352249273236
875,20.456833415592502,29.505673494974896,30.364322929405997
876,20.470950347184548,29.475771496885486,30.363880494857224
877,20.489376690859714,29.700093170387714,30.36545830234656
878,20.482716533153692,29.53539922309635,30.364714759531598
879,20.482123139727634,29.566082683615864,30.36550682252387
880,20.500953259426467,29.701367927935042,30.366025714329563
881,20.51505073808986,29.714537978148606,30.36617496741655
882,20.514494723005217,29.6940136364659,30.364615899302425
883,20.514536535986423,29.627922370648847,30.363857253309877
884,20.529692305110668,29.74783755387326,30.364322573374647
885,20.52447714002829,29.595292728400135,30.36159964337727
886,20.53783397883503,29.752470145035225,30.360404657692683
887,20.554374242713052,29.860052207621695,30.35993727178001
888,20.550813648244763,29.690164935691165,30.357959740348335
889,20.543060778352157,29.642344636953716,30.355639480551563
890,20.55923925896471,29.778706422692068,30.354359517159356
891,20.55618567315666,29.697062579392185,30.35249001323473
892,20.57140956861666,29.779123055689656,30.350386264390963
893,20.568721633076827,29.77150426215056,30.348157864775537
894,20.577800052372368,29.761809840564656,30.34642329987866
895,20.562660656968895,29.6387811107937,30.34346425409574
896,20.571123740609796,29.74196965661608,30.342805873144982
897,20.52460713046994,29.243797607497044,30.33779798845412
898,20.534698497633144,29.55979548715544,30.339333058031798
899,20.46741001939605,28.880438504460674,30.334029350779584
900,20.492856475988603,29.264370430802927,30.3348008583481
901,20.46017661370223,28.992580377072372,30.332294373169105
902,20.45756403754101,29.03979064620428,30.331481744161522
903,20.467720524607216,29.34849371814344,30.332460499968875
904,20.541668521173094,29.624725611286994,30.331012297893626
905,20.514812274527195,29.49189396218695,30.33045956340932
906,20.493440130909214,29.39209506732746,30.329662879636864
907,20.566325096867395,29.799354223401142,30.32883901187434
908,20.54156934179547,29.520956221332547,30.326794765731965
909,20.52251338670692,29.47883321476738,30.324950188543347
910,20.572294897633554,29.822972208513537,30.324479446390868
911,20.56684471069198,29.61551718167592,30.322241798056098
912,20.543826962942752,29.542229266737966,30.31987102723104
913,20.58435625615783,29.736872593482143,30.318506210905834
914,20.58310885130004,29.67085612337401,30.315849934431604
915,20.570651030621892,29.60390526285486,30.313196548873933
916,20.593211897646817,29.63858736484532,30.31072230393739
917,20.59383663823073,29.731521686112053,30.308221711417044
918,20.59410764159418,29.645889042948873,30.305454112143366
919,20.592851440667097,29.60671466514865,30.302778430084896
920,20.589916769941414,29.555036179466512,30.299539871018567
921,20.585213928945315,29.66224839800946,30.297837096776522
922,20.578409445011395,29.331003736698516,30.294119788424894
923,20.531203616715857,29.3522433868661,30.292586831868928
924,20.554143497501016,29.24850503026096,30.29046713303825
925,20.514964549732454,29.013174964106692,30.286745985957193
926,20.506002676425265,29.319206715094374,30.28810904669887
927,20.53847600731121,29.197527143435288,30.28532925524071
928,20.543596078463622,29.490672125649763,30.284605000192254
929,20.55615293028111,29.425000252127763,30.282968351700283
930,20.553206226887237,29.586682423690185,30.28304321703939
931,20.56417247156887,29.42085665208063,30.279533339753165
932,20.588991771876902,29.62539899977933,30.278830917068934
933,20.54116935911891,29.316484146057668,30.27580449863543
934,20.56598215816566,29.380977340335367,30.274589474109263
935,20.549804350388104,29.331616666338462,30.271531423782005
936,20.57262847236315,29.458837016525216,30.2703321916528
937,20.57702196541885,29.49901962238677,30.267708781033377
938,20.590485426507374,29.60814020610581,30.265767009743726
939,20.60147808195502,29.515519386680435,30.262997212541677
940,20.580812645715998,29.539186961397682,30.26077233703812
941,20.59798557199826,29.448064182416914,30.258052605905668
942,20.575748517066618,29.473561461863454,30.256024929588627
943,20.591956705654354,29.41687588763518,30.253164985375598
944,20.601632187106595,29.571978180345653,30.25077610730873
945,20.6134613977734,29.536560279016385,30.24781568137162
946,20.60789169127712,29.62644817559454,30.24599841782724
947,20.608957051527476,29.413673655559624,30.24198096113722
948,20.606489315753112,29.540472910430484,30.24050319966348
949,20.570551135788225,29.153903163238404,30.235825282950238
950,20.56336281938506,29.207766864260872,30.235459347348176
951,20.481924541823545,28.627500733331253,30.22984654878208
952,20.51384385024436,29.004161537247036,30.231552033052264
953,20.467137011287484,28.583241567681668,30.226856004947564
954,20.462042097577402,28.797241126701287,30.226733429105828
955,20.46906887187932,28.914740474051754,30.22854737543263
956,20.46102266914736,28.687920855686563,30.224495643525742
957,20.498499659930008,29.4023650261942,30.22732851747522
958,20.557993251643076,29.677928223901095,30.23002267830282
959,20.502932511338187,29.020268450407887,30.22712328071417
960,20.547702472279937,29.547568574868382,30.22680706571215
961,20.557642986010904,29.517445588387655,30.22751071247898
962,20.55604662585803,29.490788657618086,30.226855472713012
963,20.565213305480828,29.420674972671385,30.22476890611516
964,20.584349800328443,29.479384067244897,30.223413087552792
965,20.59029375916173,29.581696366823028,30.222533504415065
966,20.583699111367267,29.357367706102654,30.219311222636087
967,20.594742621575726,29.53203048373331,30.218175129455386
968,20.603080621985427,29.48115079556111,30.215675829769
969,20.613761896488786,29.535933412602585,30.213236137668407
970,20.61505770976272,29.468960908684263,30.21020313808424
971,20.618207531205783,29.549732193402455,30.208193848644264
972,20.635563100863315,29.538464232749227,30.204880274767056
973,20.629061719264527,29.47761022711205,30.201681628518813
974,20.639107335172614,29.55327712481664,30.19896327371237
975,20.643139153698446,29.445397795769672,30.194623508304797
976,20.641857867033835,29.502408317146333,30.191473864058448
977,20.64837773727028,29.445546085453014,30.187273460764846
978,20.642392084463545,29.543355217958283,30.184935816724618
979,20.618736634056297,29.123773212829462,30.179224232227718
980,20.573546951475464,29.319732554188008,30.1796858310491
981,20.558819512885464,28.737173516768657,30.173867792089695
982,20.529606904481174,28.918547431522224,30.17382930604091
983,20.515562066004108,28.654429953971533,30.16926765935704
984,20.546295597467875,28.993846541700485,30.169678597487064
985,20.542427441278186,29.114616756185892,30.168660156186398
986,20.554285808955544,28.976568096762175,30.166579798270597
987,20.530334872964076,29.116394711575065,30.16669463154465
988,20.590101872770635,29.644892274920934,30.16801222373028
989,20.573130902666676,29.03332653123889,30.16515467811377
990,20.53044237201673,29.0663497709416,30.163869412706944
991,20.579925059809312,29.575133094023975,30.165711198504166
992,20.562657542815774,29.018433741536242,30.163517085717267
993,20.570797537135036,29.253076597674607,30.16223259153056
994,20.584310792976957,29.37485431137215,30.161253881765234
995,20.60471666259684,29.27511668239216,30.158986718908288
996,20.58403913528871,29.245096323338522,30.157725555390805
997,20.588411453783806,29.16816911564799,30.153885829334115
998,20.631375654530753,29.614447506000772,30.153926881718583
999,20.621768337271398,29.34519479315922,30.15129761987041
1000,20.63695927052137,29.361781295874007,30.147597560748828
1001,20.63043020068244,29.411755033132966,30.145738134679085
1002,20.640285362743377,29.390326924182958,30.142862361808284
1003,20.63278942951871,29.241909483929675,30.13900631318769
1004,20.6559181297039,29.419005820313252,30.136019754986947
1005,20.63749100035315,29.306903757904884,30.132222278342287
1006,20.656672336764554,29.37954692861423,30.12984787938347
1007,20.61641066166323,28.976040041452684,30.123977593848164
1008,20.603909221208248,29.15808424148355,30.123391990893012
1009,20.575009481674694,28.733895035594447,30.11731630660678
1010,20.620929354030814,29.29989311182325,30.1172339529774
1011,20.629417729371053,29.185478226633833,30.11239597572785
1012,20.64080104592206,29.39976470225259,30.11030107884251
1013,20.651179362527465,29.45291099319303,30.109018321581313
1014,20.626149524717967,29.06587223356835,30.103662984158678
1015,20.64940233295966,29.452635070936616,30.102913829241565
1016,20.65676739628931,29.318747797037744,30.09893927980597
1017,20.664892365175493,29.352043178926962,30.094985568869323
1018,20.66827974402644,29.36140197251688,30.09277264486269
1019,20.64707079352179,29.13351624777251,30.08763015013319
1020,20.666199308358312,29.403972810167392,30.085255600335493
1021,20.679791815061073,29.23429139268947,30.08118991840243
1022,20.65349075413718,29.29317408134205,30.077482354099565
1023,20.687896302589092,29.25999219598195,30.073188637956875
1024,20.675879023103864,29.311816338012378,30.069382723568914
1025,20.67144226904584,29.19062155108501,30.0651046796234
1026,20.65779945506355,29.227950508711157,30.061691725027067
1027,20.683013114350686,29.2406024583795,30.057727755404642
1028,20.66383143041366,29.108760735168392,30.053124258672568
1029,20.652594646325483,29.137708441237884,30.05060876306729
1030,20.617853849708304,28.745820621326086,30.045245591122722
1031,20.598696733234746,28.931193422636174,30.04338718039286
1032,20.62083143170758,28.909346316284296,30.041088087854078
1033,20.558945271394855,28.455789905927894,30.03486831433434
1034,20.542223278338714,28.977833183138912,30.038740505790905
1035,20.579353602888723,28.710948834324398,30.03543556346616
1036,20.59340031796633,28.855110809809958,30.032504592490397
1037,20.629908781543488,29.354693670135514,30.03283623689454
1038,20.60444264630464,28.94778332324444,30.03071282601048
1039,20.62242296810537,29.154105592477848,30.02896332110555
1040,20.64663589034155,29.16955494309995,30.026396693092238
1041,20.634564384556295,29.081178621489236,30.02490214078414
1042,20.629321135429425,29.177974175678763,30.022416237714182
1043,20.656071302937843,29.069672697338063,30.019358995953517
1044,20.64972140965701,29.13805711392356,30.016248666339763
1045,20.669024696914352,29.362527488279326,30.014748856097164
1046,20.673524204215514,29.063618389322727,30.009670031382242
1047,20.68505367361176,29.278231274479282,30.006741998331368
1048,20.67592123108571,29.29217754690548,30.00417068429932
1049,20.68756277089299,29.129006695106202,29.99982206719246
1050,20.696179257866703,29.246370196720225,29.996067502902093
1051,20.676562701078378,29.16236724042427,29.992668970749353
1052,20.662629087047762,28.97405165621725,29.988703642200228
1053,20.63664352925902,28.796691552770067,29.985030842606875
1054,20.53602447537989,28.327742154066094,29.98186676359118
1055,20.550153449865924,28.51448082774084,29.98066502893328
1056,20.59341442980869,28.68448103843287,29.97825683873134
1057,20.596443271639938,28.925422459824933,29.97769198713955
1058,20.595736611954457,28.936272348359346,29.97651969001991
1059,20.626397487347447,28.964240114806557,29.974545149175267
1060,20.64753955269223,29.225924189205287,29.97396726134625
1061,20.62898118458046,28.97224600664183,29.971252812220346
1062,20.652077392328778,29.224136812970436,29.969713424103247
1063,20.676653945453065,29.227398107325655,29.967729181865636
1064,20.653755531839018,28.95070059772685,29.963301701441154
1065,20.660887890599632,29.232418963015835,29.962517162213018
1066,20.693936594668983,29.183455413553876,29.95873710675422
1067,20.671487191429094,29.038489629023214,29.955485890399483
1068,20.68715723403718,29.177834965204575,29.9525107672004
1069,20.711737792892862,29.23651581205889,29.949030124192106
1070,20.6969671149025,29.070366564039535,29.944491645642547
1071,20.703742359367688,29.11969348008426,29.94106932578584
1072,20.69326034164081,29.06404308039159,29.9369105116614
1073,20.708148862299968,29.01501502667985,29.932501091823845
1074,20.663016113737484,28.946902259529175,29.92900976616243
1075,20.67646039150255,28.78738824912631,29.924972262700443
1076,20.64639385309633,28.86980311700398,29.921132573522403
1077,20.686587020737743,29.095179162992622,29.920150079493197
1078,20.640321465806117,28.465215799730696,29.912339826754536
1079,20.617254866008032,29.021802188788463,29.914221511309293
1080,20.64404564531881,28.877853869090757,29.910924621329222
1081,20.68923763115922,28.913778555566548,29.90719457786294
1082,20.64889072413555,29.014089222138093,29.9058234602159
1083,20.662428569818662,28.887970775745273,29.90319739792411
1084,20.68896987321571,29.203121114878073,29.90158355756241
1085,20.685733818630997,29.047928302069813,29.89852767893897
1086,20.696683622241984,28.954897572594753,29.89512919040905
1087,20.68586805626088,29.089647264970356,29.89233899224757
1088,20.71425001393155,29.10945888505898,29.889378170443635
1089,20.70237527399855,28.905898574121952,29.884522952409203
1090,20.712783348419705,29.160948184890092,29.88176396966583
1091,20.723395051413135,29.090125309723224,29.87784129314686
1092,20.70426845377195,28.895043844389807,29.873332497682824
1093,20.67665376205907,28.82260478238685,29.869488273436957
1094,20.685923284281927,28.92493544463231,29.866979479128226
1095,20.678123270035066,28.66883408502325,29.861319516532348
1096,20.681864109841534,28.93937759392975,29.86045911769562
1097,20.67046448997507,28.62235036056552,29.854065088286713
1098,20.71852938639525,29.019384624386486,29.852045204996102
1099,20.67747158561094,28.856653531988023,29.8479866663023
1100,20.700442220168487,28.859226676571204,29.844785297200602
1101,20.72885870911481,29.20985197076364,29.842767144818993
1102,20.705734353706987,28.922207712340757,29.83824847716818
1103,20.71294384455365,28.88021167304426,29.835018730546178
1104,20.691125092906617,28.867360846583882,29.831335080752407
1105,20.71059719729614,28.847064981314354,29.827614326658455
1106,20.669251315383896,28.63010788193045,29.823426577751952
1107,20.66318318898999,28.682201161568734,29.820823300582955
1108,20.66842792093668,28.698259889536025,29.81757244139471
1109,20.66369757674984,28.751997198807363,29.815752528483905
1110,20.67272239888108,28.68376007531328,29.811974785985388
1111,20.660612206964274,29.045971777544572,29.813940697280632
1112,20.639320747606895,28.37083291413832,29.807992537555826
1113,20.67897528816215,28.86911322479427,29.807546516828275
1114,20.688647115674833,29.03473699015465,29.806006099728144
1115,20.701156131038307,28.84845361633595,29.80257759625492
1116,20.720621370820325,29.011745494387647,29.800526555537896
1117,20.695938691828502,28.896532709037793,29.79738855420019
1118,20.716030072576682,28.902016329093346,29.794335348778695
1119,20.730145153341063,28.987599797654173,29.790688435548415
1120,20.724738673039127,28.99432290786806,29.787782798950335
1121,20.74369780866256,28.980199196402054,29.78397262264579
1122,20.742843749038368,28.990173243261168,29.779944008241664
1123,20.750281866417936,28.923764631708607,29.775826272588183
1124,20.74417952412832,28.968772838494967,29.771972174497424
1125,20.76113006405044,28.936728293655793,29.7671342490396
1126,20.738195547050736,28.797344555533414,29.76286073324585
1127,20.664654791549633,28.446581003191017,29.758002751781007
1128,20.615959134827907,28.247939625043898,29.756811051161765
1129,20.480744706195367,27.53948327237442,29.750662121804098
1130,20.641634236498646,28.686347431612802,29.752078699880258
1131,20.697700683970545,28.94813679948205,29.75085114037249
1132,20.63000167321805,28.403735595975657,29.74725510240543
1133,20.65203196279,28.910456335892253,29.748317766407535
1134,20.691817402995383,28.95902033188542,29.74798952811819
1135,20.642855188426864,28.486675656377187,29.744686249766165
1136,20.669191955903617,28.920461120709376,29.744332982714727
1137,20.692281118883425,28.80748405657437,29.74321968127108
1138,20.673148642878946,28.64758357100721,29.73965744958237
1139,20.694649346623226,28.97569360969735,29.738450692841138
1140,20.711635666037516,28.752034443486373,29.736837871682802
1141,20.678483501020395,28.608780250865248,29.732186501195613
1142,20.73060073945991,29.03723938609163,29.73042367978684
1143,20.728684014116013,28.806789738106303,29.72794843854134
1144,20.71269652336475,28.82992939748341,29.724831703482426
